site_name,askeladden_id,rcarb_cor,context,material,lab_code,c14_bp,error,delta_c13
Krøgenesåsen 1,159967,f,Fireplace (ID 1103),Willow (Salix),Ua-55175,1756,27,-26.3
Krøgenesåsen 1,159967,f,Fireplace (ID 1103),Aspen/willow (Populus/Salix),Ua-55176,1779,28,-26.6
Krøgenesåsen 1,159967,f,Fireplace (ID 1103),"Alder/hazel (Alnus/Corylus), nutshell",Ua-55178,1853,28,-28
Krøgenesåsen 1,159967,f,Fireplace (ID 1103),Alder/hazel (Alnus/Corylus),Ua-55179,1800,28,-26.4
Krøgenesåsen 1,159967,f,Fireplace (ID 1103),Aspen (Populus),Ua-55177,1830,28,-26.4
Dybdalshei 1,108338,t,Cooking pit (ID 501),Willow (Salix),Ua-53022,8566,36,-28.1
Dybdalshei 1,108338,t,Cooking pit (ID 519),Pomoideae (Malinae),Ua-53023,8462,36,-25.8
Dybdalshei 1,108338,t,Cooking pit (ID 545),Pomoideae (Malinae),Ua-53027,8422,36,-27.1
Dybdalshei 1,108338,t,Cooking pit (ID 556),Pomoideae (Malinae),Ua-53028,8199,35,-26.2
Dybdalshei 1,108338,t,Cooking pit (ID 566),Birch (Betula),Ua-53029,6202,32,-25.6
Dybdalshei 1,108338,t,Cooking pit (ID 537),Alder (Alnus),Ua-53026,6150,32,-27.3
Dybdalshei 1,108338,t,Cooking pit (ID 531),Aspen (Populus),Ua-53025,5310,31,-25.7
Dybdalshei 1,108338,t,Cooking pit (ID 526),Oak (Quercus),Ua-53024,5262,31,-26.3
Dybdalshei 2,108339,t,Cooking pit (ID 650),Pine (Pinus),Ua-53030,3868,30,-26.3
Sagene B2,171070,f,Tree throw (ID 503080),"Deciduous (Decid, indet.)",Ua-52870,4946,29,
Sagene B2,171070,f,Cooking pit (ID 500001),Pine (Pinus),Beta-411673,2640,30,
Sagene B2,171070,f,Cooking pit (ID 500001),Birch (Betula),Beta-411674,2460,30,
Sagene B2,171070,f,Tree throw (ID 503080),"Coniferous (Conif. indet.), cone",Ua-52924,1305,51,
Sagene B6,176196,f,"Quadrant (335x875ySW, layer 1)","Hazel (Corylus), nutshell",Beta-442233,1810,30,
Sagene B6,176196,f,"Quadrant (339x878yNW, layer 2)","Hazel (Corylus), nutshell",Beta-442234,1590,30,
Sagene B1,161300,f,Post-hole (ID 456141),"Pine (Pinus),",Ua-52869,7954,32,
Sagene B1,161300,f,Post-hole (ID 456149),"Deciduous (Decid, indet.)",Ua-52923,5150,58,
Sagene B1,161300,f,Post-hole (ID 456132),Pine (Pinus),Ua-52868,3352,27,
Sagene B1,161300,f,Fireplace (ID 454792),Ash (Fraxinus),Ua-52866,2254,43,
Sagene B1,161300,f,Floor layer (ID 451586),"Coniferous (Conif. indet.), cone seed scale",Ua-52867,1766,47,
Kvastad A9,172657,f,Fireplace (ID 400076),Oak (Quercus),Ua-52891,2476,27,
Kvastad A9,172657,f,Stone packing (ID 400159),Pine (Pinus),Ua-52892,8119,34,
Kvastad A9,172657,f,Fireplace (ID 400180),Pine (Pinus),Ua-52893,3187,28,
Kvastad A1,172344,f,Fireplace (ID 1108),Yew (Taxus),Ua-53920,2400,30,
Kvastad A1,172344,f,Fireplace (ID 1108),Indet.,Ua-53921,2388,29,
Kvastad A1,172344,f,Fireplace (ID 1108),Alder (Alnus),Ua-53918,2249,29,
Kvastad A1,172344,f,Fireplace (ID 1108),Birch (Betula),Ua-53917,2176,29,
Kvastad A1,172344,f,Fireplace (ID 1108),Indet.,Ua-53919,2164,29,
Kvastad A1,172344,f,Fireplace (ID 1108),Birch (Betula),Ua-52872,2264,27,
Kvastad A1,172344,t,Test pit (ID 20993),Pine (Pinus),Beta-366066,9150,40,
Kvastad A4,172345,f,Cooking pit (ID 153273),Ash (Fraxinus),Ua-52887,2395,27,
Kvastad A4,172345,f,Fireplace (ID 150637),Oak (Quercus),Ua-52882,809,26,
Kvastad A4,172345,f,Trench profile (ID 153311),Pine (Pinus),Ua-52886,1100,26,
Kvastad A4,172345,f,Test pit (ID 21410),,Beta-366067,8760,40,
Hesthag C4,170190,t,Cooking pit (ID 41178),Pine (Pinus),Beta-448123,8800,40,
Hesthag C4,170190,f,Quadrant (993x863yNW),Birch (Betula),Beta-448122,4100,30,
Hesthag C2,170172,t,Fireplace (ID 2726),Oak (Quercus),Ua-50970,6351,45,
Hesthag C2,170172,t,Fireplace (ID 2736),Hazel (Corylus),Ua-50971,5172,44,
Hesthag C2,170172,f,Fireplace (ID 4049),Birch (Betula),Ua-50972,2182,30,
Hesthag C2,170172,f,Cooking pit (ID 5366),Hazel (Corylus),Ua-50984,2143,32,
Hesthag C2,170172,f,Fireplace (ID 4063),Birch (Betula),Ua-50973,1977,30,
Hesthag C2,170172,f,Fireplace (ID 4224),Birch (Betula),Ua-50974,1866,31,
Hovland 5,150578,t,Quadrant (66x104ySE),"Hazel (Corylus), nutshell",Ua-45490,8775,52,
Hovland 5,150578,f,Quadrant (67x104ySE),"Hazel (Corylus), nutshell",Ua-45491,2674,34,
Nordby 1 (Bommestad-Sky),119409,f,Cooking pit (ID 2),Birch (Betula),TRa-3411,2515,35,
Nordby 2 (Bommestad-Sky),119410,f,Cooking pit/fireplace (ID 1),Hazel (Corylus),TRa-3413,2310,35,
Nordby 2 (Bommestad-Sky),119410,f,Cooking pit/fireplace (ID 1),Birch (Betula),Ua-45676,2191,35,
Nordby 2 (Bommestad-Sky),119410,f,Quadrant (58x57ySE),"Hazel (Corylus), nutshell",TRa-3412,2300,40,
Nordby 2 (Bommestad-Sky),119410,f,Quadrant (54x55ySW),Burnt bone,TRa-4075,190,30,
Hovland 4,119407,t,Quadrant (93x46yNW),Burnt bone,Ua-45500,8747,64,
Hovland 4,119407,t,Quadrant (90x45ySW),"Hazel (Corylus), nutshell",Ua-45499,8630,49,
Hovland 4,119407,t,Cooking pit (ID 6),Birch (Betula),Ua-45493,8568,51,
Hovland 4,119407,t,Fireplace (ID 1),Birch (Betula),Ua-45494,8526,52,
Hovland 4,119407,f,Fireplace (ID 8),Hazel (Corylus),Ua-45495,3534,34,
Hovland 4,119407,f,Fireplace (ID 10),Hazel (Corylus),Ua-45496,3016,32,
Hovland 4,119407,f,Cooking pit (ID 14),Hazel (Corylus),Ua-45497,2327,32,
Hovland 4,119407,f,Fireplace (ID 3),Birch/hazel (Betula/Corylus),Ua-45492,2090,32,
Hovland 4,119407,f,Quadrant (101x59yNE),"Hazel (Corylus), nutshell",Ua-45498,1751,31,
Hovland 1,119401,t,Cooking pit (ID 4),Hazel (Corylus),TRa-3410,8465,55,
Hovland 1,119401,t,Cooking pit (ID 4),Aspen/willow (Populus/Salix),Ua-45675,8623,50,
Hovland 1,119401,t,Quadrant (172x159ySW),Birch resin (Betula) on microblade,AAR-16884,8582,33,
Hovland 1,119401,f,Square (158x164y),"Hazel (Corylus), nutshell",TRa-3408,4070,35,
Hovland 1,119401,f,Cooking pit (ID 2),Hazel (Corylus),TRa-3409,2435,35,
Hovland 3,119408,t,Post hole (ID 13),Birch (Betula),Ua-45507,8609,54,
Hovland 3,119408,t,Quadrant (99x66yNE),"Hazel (Corylus), nutshell",Ua-45515,8606,50,
Hovland 3,119408,t,Post hole? (ID 17),Birch (Betula),Ua-45509,8594,48,
Hovland 3,119408,t,Post hole (ID 14),Rowan (Sorbus),Ua-45508,8591,50,
Hovland 3,119408,t,Undefined feature (ID 24),Birch (Betula),Ua-45504,8584,49,
Hovland 3,119408,t,Dwelling structure,Rowan (Sorbus),Ua-45514,8552,50,
Hovland 3,119408,t,Dwelling structure,"Hazel (Corylus), nutshell",Ua-45517,8540,51,
Hovland 3,119408,t,Undefined feature (ID 23),Rowan (Sorbus),Ua-45505,8467,53,
Hovland 3,119408,t,Undefined/ditch/post hole (ID 18),Birch (Betula),Ua-45511,8465,48,
Hovland 3,119408,t,Cooking pit (ID 21),Rowan (Sorbus),Ua-45506,8458,48,
Hovland 3,119408,t,Quadrant (100x66yNE),"Hazel (Corylus), nutshell",Beta-325802,8450,40,
Hovland 3,119408,t,Dwelling structure,"Hazel (Corylus), nutshell",Ua-45516,8428,50,
Hovland 3,119408,t,Undefined/ditch/post hole (ID 18),"Hazel (Corylus), nutshell",Ua-45522,8398,49,
Hovland 3,119408,t,Dwelling structure,"Hazel (Corylus), nutshell",Ua-45520,8387,47,
Hovland 3,119408,t,Dwelling structure,"Hazel (Corylus), nutshell",Ua-45519,8383,47,
Hovland 3,119408,t,Cooking pit (ID 25),Birch (Betula),Ua-45503,8376,51,
Hovland 3,119408,t,Post hole (ID 7),Birch (Betula),Ua-45512,8348,47,
Hovland 3,119408,t,Dwelling structure,"Hazel (Corylus), nutshell",Ua-45518,8291,48,
Hovland 3,119408,f,Post hole (ID 8),"Hazel (Corylus), nutshell",Ua-45523,3423,34,
Hovland 3,119408,f,Stone packing (ID 15),"Hazel (Corylus), nutshell",Ua-45521,2674,32,
Hovland 3,119408,f,Fireplace (ID 5),Hazel (Corylus),Ua-45502,2408,34,
Hovland 3,119408,f,Fireplace (ID 27),Hazel (Corylus),Ua-45501,2188,33,
Hovland 3,119408,f,Fireplace (ID 11),Birch (Betula),Ua-45510,1833,30,
Hovland 3,119408,f,Quadrant (101x67ySW),Birch (Betula),Ua-45513,1334,30,
Torstvet,119404,t,Square (61x101y),"Hazel (Corylus), nutshell",TRa-3406,8460,55,
Torstvet,119404,t,Square (61x102y),"Hazel (Corylus), nutshell",TRa-3407,8425,55,
Torstvet,119404,f,Fireplace (ID 1),Birch (Betula),Ua-45677,2218,34,
Torstvet,119404,f,Fireplace (ID 1),Birch/willow (Betula/Salix),TRa-3405,3090,30,
Nedre Hobekk 2,115976,f,"Quadrant (28x193ySW, layer 1)",Burnt bone,Ua-45175,1917,30,
Gunnarsrød 7,"136600, 136602",f,Undefined feature (ID 1000),Birch (Betula),UBA-19129,5563,30,
Gunnarsrød 7,"136600, 136602",f,Undefined feature (ID 1016),Birch/oak (Betula/Quercus),UBA-19162,1697,26,
Prestemoen 1,136598,t,Square (620x149y),"Hazel (Corylus), nutshell",Ua-45176,8671,45,
Prestemoen 1,136598,t,Square (620x149y),Burnt bone,Ua-45177,8620,45,
Prestemoen 1,136598,t,Square (620x149y),"Hazel (Corylus), nutshell",Ua-45178,8593,46,
Langangen Vestgård 1,128960,t,Quadrant (579x937ySW),Burnt bone,TRa-1994,7785,40,
Langangen Vestgård 1,128960,t,Quadrant (580x938yNE),Burnt bone,TRa-1995,7760,40,
Langangen Vestgård 1,128960,t,Floor layer (ID 1),Pine (Pinus),TRa-2243,7780,70,
Langangen Vestgård 1,128960,t,Cooking pit (ID 3600),Birch/rowan (Betula/Sorbus),TRa-4114,7870,45,
Langangen Vestgård 1,128960,t,Cooking pit (ID 3601),Hazel (Corylus),TRa-4115,7740,45,
Langangen Vestgård 1,128960,t,Cooking pit (ID 4044),Hazel (Corylus),TRa-4116,7800,45,
Langangen Vestgård 1,128960,t,Cooking pit (ID 4286),Pine (Pinus),TRa-4117,8030,55,
Langangen Vestgård 1,128960,t,Undefined feature (ID 6),Willow (Salix),TRa-4118,8005,45,
Langangen Vestgård 1,128960,t,Undefined feature (ID 8a),Birch/hazel (Betula/Corylus),TRa-4119,7850,45,
Langangen Vestgård 1,128960,t,Undefined feature (ID 13),Hazel (Corylus),TRa-4120,7875,45,
Langangen Vestgård 1,128960,t,Undefined feature (ID 12),Birch/willow (Betula/Salix),TRa-4121,7945,45,
Langangen Vestgård 1,128960,t,Quadrant (583x929yNE),Burnt bone,TRa-4122,7795,40,
Langangen Vestgård 1,128960,t,Quadrant (589x931yNE),Burnt bone,TRa-4123,7745,35,
Gunnarsrød 6a,128961,f,Cooking pit/fireplace (ID 600),Birch/ash (Betula/Fraxinus),TRa-4112,3735,35,
Gunnarsrød 6a,128961,f,Charcoal layer,Birch (Betula),UBA-19130,2369,24,
Gunnarsrød 6a,128961,f,Square (965x46y),"Hazel (Corylus), nutshell",UBA-19131,1330,27,
Gunnarsrød 6a,128961,f,Quadrant (969x49ySE),"Hazel (Corylus), nutshell",UBA-19132,883,23,
Gunnarsrød 6b,128964,f,Undefined feature (ID 1313),Pine (Pinus),TRa-4113,335,25,
Gunnarsrød 6b,128964,f,"Squares (917x626y, 916x626y)","Hazel (Corylus), nutshell",UBA-19133,3608,25,
Gunnarsrød 10,52038,f,Fireplace (ID 100001),Birch (Betula),UBA-19128,5778,31,
Vallermyrene 4a,150594,t,Quadrant (894x242yNE),"Burnt bone, mammal (0.5g)",Ua-45169,6489,50,
Vallermyrene 4a,150594,t,Quadrant (892x243yNW),"Burnt bone, mammal (1g)",Ua-45170,6381,37,
Vallermyrene 4b,150614,t,Refuse/storage pit (ID 896),Pine (Pinus),Ua-45172,6197,40,
Vallermyrene 4b,150614,t,Refuse/storage pit (ID 896),Pine (Pinus),Ua-45171,6067,41,
Vallermyrene 1a,136595,t,Fireplace (ID 322),Pine (Pinus),Ua-45182,5770,35,
Vallermyrene 1a,136595,t,Cooking pit/fireplace (ID 301),Pine (Pinus),Ua-45181,5748,35,
Vallermyrene 1b,136595,t,Cooking pit/fireplace (ID 391),Birch (Betula),Ua-45180,5373,34,
Langangen Vestgård 3,136594,f,Cooking pit (ID 1640),Birch (Betula),TRa-2245,1080,30,
Langangen Vestgård 3,136594,t,Cooking pit (ID 1600),Pine (Pinus),TRa-2246,5400,55,
Langangen Vestgård 3,136594,t,Cooking pit (ID 1600),Pine (Pinus),TRa-2247,5325,50,
Langangen Vestgård 3,136594,t,Cooking pit (ID 1664),Pine (Pinus),TRa-2248,5910,10,
Langangen Vestgård 3,136594,t,Cooking pit (ID 1664),Pine (Pinus),TRa-4126,5095,40,
Langangen Vestgård 3,136594,t,Cooking pit (ID 1700),Birch (Betula),TRa-2249,5325,45,
Langangen Vestgård 3,136594,t,Cooking pit (ID 1700),Birch (Betula),TRa-2250,5325,50,
Langangen Vestgård 5,136588,t,Cooking pit (ID 2800),Pine (Pinus),TRa-2255,5695,50,
Langangen Vestgård 5,136588,t,Cooking pit (ID 2821),Birch/willow (Betula/Salix),TRa-2254,5645,45,
Langangen Vestgård 5,136588,t,Cooking pit/fireplace (ID 395),Birch/linden (Betula/Tilia),TRa-2257,5085,50,
Langangen Vestgård 5,136588,t,Cooking pit (ID 2300),Birch/willow/rowan (Betula/Salix/Sorbus),TRa-2256,5015,55,
Langangen Vestgård 5,136588,t,Cooking pit (ID 2329),Birch/willow/rowan (Betula/Salix/Sorbus),TRa-2252,5005,45,
Langangen Vestgård 5,136588,f,Cooking pit? (ID 5316),Birch (Betula),UBA-19135,3066,25,
Langangen Vestgård 5,136588,f,Cultural layer? (ID 352),Birch/hazel/willow/rowan (Betula/Corylus/Salix/Sorbus),TRa-2253,2255,45,
Langangen Vestgård 5,136588,f,Fireplace (ID 3369),Ash (Fraxinus),UBA-19136,1819,26,
Langangen Vestgård 5,136588,f,Fireplace (ID 350),Birch/hazel (Betula/Corylus),TRa-2251,1785,35,
Langangen Vestgård 5,136588,f,Charcoal/406x46ySWSE (ID 2328),Birch/hazel (Betula/Corylus),TRa-2258,1785,35,
Langangen Vestgård 5,136588,f,Quadrant (369x55yNW),"Burnt bone, mammal (1.6g)",TRa-1996,100,30,
Langangen Vestgård 6,136597,t,Cooking pit (ID 2045),Birch (Betula),UBA-19139,5057,28,-22.4
Langangen Vestgård 6,136597,t,Cooking pit? (ID 214),Birch/aspen (Betula/Populus),UBA-19141,5055,27,-23.6
Langangen Vestgård 6,136597,t,Cooking pit (ID 1732),Birch (Betula),UBA-19137,5021,28,-20.3
Langangen Vestgård 6,136597,t,Cooking pit (ID 2000),Birch (Betula),UBA-19138,5017,29,-22.6
Langangen Vestgård 6,136597,t,Cooking pit (ID 1886),Hazel (Corylus),UBA-19143,5010,27,-18.8
Langangen Vestgård 6,136597,t,Undefined feature (ID 572),Birch/hazel (Betula/Corylus),UBA-19142,4939,47,-22.6
Langangen Vestgård 6,136597,t,Fireplace (ID 1776),Birch (Betula),UBA-19140,4931,31,-28.1
Langangen Vestgård 6,136597,t,"Cooking pit (ID 163, east)",Birch/willow (Betula/Salix),UBA-19144,4891,31,-29
Langangen Vestgård 6,136597,t,Cooking pit (ID 2032),Birch (Betula),UBA-19161,4813,46,-23.7
Langangen Vestgård 6,136597,f,Quadrant (61x890yNE),"Burnt bone, beaver (Castor)",TRa-4125,3775,30,-26.7
Gunnarsrød 5,"128956, 128959",t,Fireplace (ID 1206),"Hazel (Corylus), nutshell",UBA-19147,7582,47,
Gunnarsrød 5,"128956, 128959",t,Undefined feature (ID 1420),Birch (Betula),UBA-19145,7336,38,
Gunnarsrød 5,"128956, 128959",f,Pit with pottery (ID 1519),Hazel (nutshell)/birch (Corylus/Betula),UBA-19160,4716,31,
Gunnarsrød 5,"128956, 128959",t,Pit with pottery (ID 1519),Soot extracted from pottery sherd,LuS10842,3600,60,
Gunnarsrød 5,"128956, 128959",f,Disturbance (ID 1085),Birch (Betula),UBA-19146,168,29,
Solum 3,116144,f,Undefined feature/wooden construction (ID 350),Hazel (Corylus),Ua-45179,3039,31,
Solum 3,116144,t,Undefined feature/wooden construction (ID 350),Burnt bone (1.4g),Ua-47125,3622,34,
Vallermyrene 2,136591,t,Fireplace (ID 1017),Hazel (Corylus),Ua-45257,4890,32,
Vallermyrene 2,136591,t,Cooking pit? (ID 4026),Birch (Betula),Ua-45253,3047,32,
Vallermyrene 2,136591,t,Post hole? (ID 4455),Willow (Salix),Ua-45258,2821,30,
Vallermyrene 2,136591,t,Cooking pit (ID 350),Willow (Salix),Ua-45251,2243,32,
Vallermyrene 2,136591,t,Post hole (ID 2889),Birch (Betula),Ua-45256,2181,30,
Vallermyrene 2,136591,t,Cultivation layer (Profile in trench),Birch (Betula),Ua-45255,2156,30,
Vallermyrene 2,136591,t,Cultivation layer (611x554y),Hazel (Corylus),Beta-324757,2120,30,
Vallermyrene 2,136591,t,Cultivation layer (Profile),Birch (Betula),Ua-45259,2009,30,
Vallermyrene 2,136591,t,Post hole (ID 4210),Birch (Betula),Ua-45260,1942,30,
Vallermyrene 2,136591,t,Cooking pit (ID 545),Birch (Betula),Ua-45249,1846,31,
Vallermyrene 2,136591,t,Cooking pit (ID 437),Birch (Betula),Ua-45248,1803,31,
Vallermyrene 2,136591,t,Undefined feature (ID 3351),Birch/hazel/rowan (Betula/Corylus/Sorbus),Ua-45252,1654,30,
Vallermyrene 2,136591,t,Post hole (ID 4468),Pine (Pinus),Ua-45254,1593,30,
Vallermyrene 2,136591,t,Cooking pit/fireplace (ID 1043),Birch (Betula),Ua-45250,1560,32,
Langangen Vestgård 7,172899,t,Cooking pit (ID 214),Birch/willow (Betula/Salix),TRa-2244,5335,50,
Gunnarsrød 4,"128962, 128957",f,Fireplace (ID 100000),Hazel (Corylus),UBA-19134,2396,24,
Gunnarsrød 4,"128962, 128957",t,"Cultural layer, top (ID 100002)",Birch (Betula),UBA-19159,6941,36,
Gunnarsrød 4,"128962, 128957",f,"Cultural layer, bottom (ID 100002)",Pine (Pinus),UBA-19158,7210,38,
Dørdal,146146,f,Fireplace (ID 1134),Pine (Pinus),Beta-417122,7070,30,
Dørdal,146146,f,Fireplace (ID 1134),Pine (Pinus),Ua-53184,6956,31,
Dørdal,146146,f,Fireplace (ID 792),Pine (Pinus),Beta-417123,7120,30,
Dørdal,146146,f,Fireplace (ID 792),Pine (Pinus),Ua-53183,7050,31,
Hydal 3,138175,f,Cooking pit (ID 6395),Prunus,Ua-50510,2858,23,
Hydal 4,138171,f,"Grave, urn (ID 5442)",Willow (Salix),Ua-51475,2064,33,
Hydal 4,138171,f,Fireplace (ID 5459),Oak (Quercus),Ua-51476,5944,35,
Hydal 4,138171,f,"Square (107x604y, layer 2)","Hazel (Corylus), nutshell",Ua-51477,6049,36,
Hydal 4,138171,f,"Grave, urn (ID 5442)","Burnt bone, human",Ua-51478,2361,29,
Hydal 5,138159,f,Cooking pit (ID 3642),Willow (Salix),Ua-51479,3053,34,-28.5
Hydal 7,138148,f,Undefined feature (ID 6489),Birch (Betula),Ua-50511,1082,21,
Hydal 8,138170,f,Cooking pit/fireplace/stones (ID 6447),Aspen (Populus),Ua-50512,3408,24,
Hydal 8,138170,f,Cooking pit (ID 6661),Pomoideae (Malinae),Ua-50513,3178,22,
Hydal 8,138170,f,Cooking pit/fireplace/stones (ID 6447),"Hazel (Corylus), nutshell",Ua-52922,1926,29,
Hegna vest 2,138262,t,Cooking pit (ID 11906),Pine (Pinus),Ua-50497,8708,38,
Hegna vest 2,138262,t,Square (523x346y),"Burnt bone, mammal",Ua-53190,4900,30,
Hegna vest 2,138262,t,Undefined feature (ID 11546),"Burnt bone, beaver (Castor)",Ua-53188,3863,57,
Hegna vest 2,138262,t,Undefined feature (ID 11546),"Burnt bone, Sus/Canis",Ua-53187,3789,60,
Hegna vest 2,138262,t,Undefined feature (ID 11546),Pine (Pinus),Ua-50494,3337,27,
Hegna vest 2,138262,t,Undefined feature (ID 9029),Ash (Fraxinus),Ua-51469,3121,31,
Hegna vest 2,138262,t,Concentration of stones (ID 9057),Ash (Fraxinus),Ua-51470,3085,31,
Hegna vest 2,138262,t,Undefined feature (ID 11546),"Burnt bone, mammal",Ua-53189,3083,29,
Hegna vest 2,138262,t,Square (523x346y),"Burnt bone, sheep/goat (Ovis/Capra)",Ua-53191,3079,28,
Hegna vest 2,138262,t,Cooking pit (ID 11954),Aspen (Populus),Ua-50499,2659,25,
Hegna vest 2,138262,t,Fireplace (ID 9238),Aspen (Populus),Ua-50490,2239,25,
Hegna vest 2,138262,t,Cooking pit (ID 8903),Hazel (Corylus),Ua-50493,2216,23,
Hegna vest 2,138262,t,Cooking pit (ID 9181),Birch (Betula),Ua-50496,2203,27,
Hegna vest 2,138262,t,Undefined feature (ID 9002),Birch (Betula),Ua-50495,2193,23,
Hegna vest 2,138262,t,Undefined feature (ID 8940),Birch (Betula),Ua-50492,2190,23,
Hegna vest 2,138262,t,Cooking pit (ID 11926),Hazel (Corylus),Ua-50498,2188,24,
Hegna vest 2,138262,t,Cooking pit/ditch (ID 11975),Birch (Betula),Ua-50500,2180,22,
Hegna vest 2,138262,t,Cooking pit/fireplace (ID 9261),Pine (Pinus),Ua-50491,2168,28,
Hegna vest 2,138262,t,Cooking pit (ID 9181),Alder (Alnus),Ua-50488,1810,23,
Hegna vest 2,138262,t,Cooking pit (ID 9211),Hazel (Corylus),Ua-50489,1781,24,
Hegna vest 1,138264,t,Fireplace (ID 14834),Aspen/willow (Populus/Salix),Ua-50485,8788,34,
Hegna vest 1,138264,t,Fireplace (ID 9819),Willow (Salix),Ua-51462,8732,40,
Hegna vest 1,138264,f,Undefined feature/three throw (ID 100079),Willow (Salix),Ua-51466,6816,36,
Hegna vest 1,138264,t,Undefined feature (ID 9807a),Alder (Alnus),Ua-51461,3318,32,
Hegna vest 1,138264,t,Cooking pit (ID 14417),Ash (Fraxinus),Ua-50484,2831,24,
Hegna vest 1,138264,t,Undefined feature (ID 11663),"Hazel (Corylus), nutshell",Ua-51467,2724,34,
Hegna vest 1,138264,t,Undefined feature (ID 11663),Birch (Betula),Ua-51463,2670,33,
Hegna vest 1,138264,t,Stone packing/fireplace (ID 9725),Alder (Alnus),Ua-51460,2667,33,
Hegna vest 1,138264,t,Undefined feature (ID 15034),Hazel (Corylus),Ua-51465,2474,33,
Hegna vest 1,138264,t,Fireplace (ID 9642),Pine (Pinus),Ua-50472,2440,24,
Hegna vest 1,138264,t,Cooking pit (ID 10127),Aspen (Populus),Ua-50475,2225,28,
Hegna vest 1,138264,t,Undefined feature (ID 14324),Hazel (Corylus),Ua-50482,2215,21,
Hegna vest 1,138264,t,Undefined feature (ID 14383),Hazel (Corylus),Ua-50483,2197,21,
Hegna vest 1,138264,t,Undefined feature (ID 100078),Hazel (Corylus),Ua-50486,2186,23,
Hegna vest 1,138264,t,Fireplace (ID 9659),Birch (Betula),Ua-50473,2186,21,
Hegna vest 1,138264,t,Cooking pit (ID 14280),Aspen (Populus),Ua-50480,2186,23,
Hegna vest 1,138264,t,Cooking pit (ID 14298),Aspen (Populus),Ua-50481,2178,24,
Hegna vest 1,138264,t,Undefined feature (ID 11767),Birch (Betula),Ua-50477,2174,27,
Hegna vest 1,138264,t,Cooking pit (ID 14637),Hazel (Corylus),Ua-50479,2154,23,
Hegna vest 1,138264,t,Undefined feature (ID 11683),Birch (Betula),Ua-51464,2124,33,
Hegna vest 1,138264,t,Undefined feature (ID 100077),Birch (Betula),Ua-50476,2118,30,
Hegna vest 1,138264,t,Undefined feature (ID 15034),"Hazel (Corylus), nutshell",Ua-51468,2063,33,
Hegna vest 1,138264,t,Cooking pit (ID 9745),Birch (Betula),Ua-50474,1702,22,
Hegna vest 1,138264,t,Cooking pit (ID 11828),Birch (Betula),Ua-50478,1685,20,
Hegna vest 1,138264,t,Fireplace (ID 11707),Birch (Betula),Ua-50487,971,26,
Hegna vest 3,138263,t,Cooking pit (ID 11620),Aspen/willow (Populus/Salix),Ua-51471,8679,39,
Hegna øst 5,138163,t,Cooking pit (ID 12477),Hazel (Corylus),Ua-51473,1770,32,
Hegna øst 5,138163,t,Cooking pit (ID 12514),Birch (Betula),Ua-51474,1666,32,
Stokke/Polland 3,116727,f,Field C,"Hazel (Corylus), nutshell",Ua-48255,957,30,
Stokke/Polland 8,116720,t,Cooking pit/fireplace (ID 24210),Birch (Betula),Ua-51840,6215,35,
Stokke/Polland 5,"116722, 116728",t,Cooking pit (ID 20345),Alder (Alnus),Ua-48256,6196,40,
Stokke/Polland 5,"116722, 116728",t,Cooking pit (ID 20289),Pomoideae (Malinae),Ua-48257,6098,40,
Stokke/Polland 5,"116722, 116728",t,Cooking pit (ID 20270),Hazel (Corylus),Ua-48258,6177,42,
Stokke/Polland 1,138156,t,Cooking pit (ID 22029),Hazel (Corylus),Ua-48259,5353,101,
Stokke/Polland 1,138156,t,Charcoal clamp (ID 18176/22964),Spruce (Picea),Ua-48260,192,30,
Stokke/Polland 1,138156,t,Cooking pit (ID 10537),Spruce (Picea),Ua-48261,88,31,
Stokke/Polland 1,138156,t,Cooking pit (ID 22994),Willow (Salix),Ua-48262,4583,38,
Stokke/Polland 1,138156,t,Undefined feature (ID 21259),Birch (Betula),Ua-48263,1514,30,
Stokke/Polland 1,138156,t,Cooking pit (ID 18358),Elm (Ulmus),Ua-48264,4911,39,
Stokke/Polland 1,138156,t,Undefined feature (ID 21238),Hazel (Corylus),Ua-48265,4667,39,
Stokke/Polland 1,138156,t,Undefined feature (ID 15546),Birch (Betula),Ua-48266,1549,30,
Stokke/Polland 1,138156,t,Tree throw (ID 1568),"Hazel (Corylus), nutshell",Beta-359783,2960,30,
Pauler 1,97782,f,Fireplace (ID 1),Pine (Pinus),Beta-234411,3460,40,
Pauler 1,97782,f,Fireplace (ID 1),Pine (Pinus),Beta-234412,910,40,
Pauler 1,97782,f,Fireplace (ID 1),Birch (Betula),Beta-234413,960,40,
Pauler 1,97782,f,Fireplace (ID 1),"Deciduous (Decid, indet.)",Beta-234414,910,40,
Pauler 1,97782,f,Fireplace/Burnt root (ID 15),Pine (Pinus),TUa-7848,7245,45,
Pauler 2,97791,f,Fireplace (ID 1),"Hazel (Corylus), nutshell",Beta-234403,6910,40,
Pauler 2,97791,f,Fireplace (ID 1),Pine (Pinus),Beta-234404,6990,40,
Pauler 2,97791,f,Fireplace (ID 1),Pine (Pinus),Beta-234407,3260,40,
Pauler 2,97791,f,Fireplace (ID 1),Pine (Pinus),Beta-234410,4800,40,
Pauler 2,97791,f,Fireplace (ID 1),Oak (Quercus),Beta-234409,1440,40,
Pauler 2,97791,f,Fireplace (ID 1),Birch (Betula),Beta-234408,900,40,
Pauler 2,97791,f,Fireplace (ID 2),Birch (Betula),Beta-234405,870,40,
Pauler 2,97791,f,Fireplace (ID 2),Pine (Pinus),Beta-234406,300,40,
Pauler 3,97805,f,Fireplace (ID 1),Pine/birch (Pinus/Betula),TUa-7849,860,30,
Pauler 4,97803,f,Quadrant (97x46yNE),"Burnt bone, mammal",TUa-7709,1410,30,
Pauler 4,97803,f,Quadrant (98x49yNW),"Burnt bone, ungulate",TUa-7710,1420,60,
Bakke,97832,f,Fireplace (ID 2),Birch (Betula),TUa-7852,2115,30,
Bakke,97832,f,Fireplace (ID 2),Birch (Betula),TUa-7853,6915,40,
Nøklegård 1,97863,t,Quadrant (ID not provided),"Burnt bone, mammal",TUa-7708,3515,60,
Krøgenes D2,159966,t,Cultural layer (ID 206712),Pine (Pinus),Ua-50980,6297,44,
Krøgenes D2,159966,t,Cultural layer (ID 206712),Pine (Pinus),Ua-50982,6132,45,
Krøgenes D2,159966,f,Stone packing (ID 206735),Pine (Pinus),Ua-50983,7059,143,
Krøgenes D2,159966,t,"Cultural layer (K2, sample ID 3102)",Alder (Alnus),Beta-448128,6260,30,
Krøgenes D2,159966,f,Sand layer (ID 206652),Birch (Betula),Ua-50981,3379,34,
Krøgenes D2,159966,f,"Cultural/cultivation layer (K1, sample ID 3646)",Hazel (Corylus),Beta-448127,1760,30,
Krøgenes D1,160617,t,Cooking pit/fireplace (ID 204387),Ash (Fraxinus),Ua-53108,5694,32,
Krøgenes D1,160617,t,Cooking pit/fireplace (ID 207098),Pine (Pinus),Ua-53109,5351,31,
Krøgenes D1,160617,t,Cooking pit/fireplace (ID 207811),Pine (Pinus),Ua-53110,5334,31,
Krøgenes D1,160617,t,Posthole? (ID 204397),Birch (Betula),Ua-53107,5249,31,
Krøgenes D1,160617,t,Ditch (ID 204424),Willow/alder (Salix/Alnus),Ua-50979,5082,40,
Krøgenes D1,160617,t,Cooking pit/fireplace (ID 204413),Willow/alder (Salix/Alnus),Ua-50977,4883,40,
Krøgenes D1,160617,t,Ditch (ID 203549),Pine (Pinus),Ua-53106,4559,31,
Krøgenes D1,160617,t,Cooking pit/fireplace (ID 206352),Ash (Fraxinus),Ua-50978,4005,34,
Krøgenes D1,160617,f,Cooking pit/fireplace (ID 203533),Ash (Fraxinus),Ua-50975,1641,30,
Kvastad A2,172664,t,Fireplace (ID 57753),Pine (Pinus),Ua-52878,8625,35,
Kvastad A2,172664,t,Fireplace (ID 57995),Pine (Pinus),Ua-52879,8339,35,
Kvastad A2,172664,t,Undefined feature (ID 54075),"Coniferous (Conif. indet.), cone seed scale",Ua-52880,8130,34,
Kvastad A2,172664,t,Fireplace (ID 54643),Hulless barley (Hordeum vulgare var. nudum),Ua-52925,4551,56,
Kvastad A2,172664,t,Fireplace (ID 54643),Emmer (Hordeum vulgare var. nudum),Ua-52926,4351,55,
Kvastad A2,172664,t,Fireplace (ID 54643),Hulless barley (Hordeum vulgare var. nudum),Ua-52875,3464,28,
Kvastad A2,172664,t,Fireplace (ID 54643),Oat (Avena sp.),Ua-52876,3477,28,
Kvastad A2,172664,t,Fireplace (ID 54643),Oat (Avena sp.),Ua-52877,3470,29,
Kvastad A2,172664,t,Cultivation layer (ID 53485),Oat (Avena sp.),Ua-52874,3431,28,
Brunstad 24,139824,t,Cooking pit (ID 4990),Hazel (Corylus),UBA-28736,7439,39,-28.4
Brunstad 24,139824,t,Cooking pit (ID 4979),Hazel (Corylus),UBA-28735,7374,45,-25.5
Brunstad 24,139824,t,Cooking pit (ID 4967),"Deciduous (Decid, indet.)",UBA-28734,7285,37,-29.6
Brunstad 24,139824,t,"Quadrant (50x54yNE, layer 3)",Hazel (Corylus),Ua-48383,7090,35,-24.4
Brunstad 24,139824,t,Cooking pit (ID 2574),Aspen/willow (Populus/Salix),UBA-28729,6948,35,-28.4
Brunstad 24,139824,t,Cooking pit (ID 4200),Beech (Fagus),UBA-28732,6873,43,-26.5
Brunstad 24,139824,t,"Quadrant (50x54yNE, layer 2)",Birch (Betula),Ua-48381,6850,35,-26.9
Brunstad 24,139824,f,Cooking pit (ID 2000),Ash (Fraxinus),Ua-48384,2715,30,-28
Brunstad 24,139824,f,"Quadrant (50x54yNE, layer 3)",Oak (Quercus),Ua-48382,2646,30,-27.2
Brunstad 24,139824,f,Cooking pit (ID 2000),Ash (Fraxinus),UBA-28728,2460,26,-29.6
Brunstad 24,139824,f,Cooking pit (ID 3934),Hazel (Corylus),UBA-28730,2403,26,-27.3
Brunstad 24,139824,f,Cooking pit (ID 4362),Linden (Tilia),UBA-28733,2250,27,-33.4
Brunstad 24,139824,f,Cooking pit (ID 4010),Hazel (Corylus),UBA-28731,2240,27,-30.3
Brunstad 25,139825,f,Grave (ID 2400),"Unburnt bone, human, skull",LuS-11202,3645,50,
Brunstad 25,139825,f,Grave (ID 2400),"Unburnt bone, human, skull",LuS-11114,3790,35,
Brunstad 25,139825,f,Grave (ID 2400),"Unburnt bone, human, right femur",LuS-11229,4370,95,
Brunstad 25,139825,t,Grave (ID 2400),Maple (Acer),LuS-11115,7060,45,
Brunstad 25,139825,t,Grave (ID 2400),"Charcoal, not determined",Beta-383181,7030,30,-24.9
Brunstad 25,139825,t,Grave (ID 2400),Aspen (Populus),UBA-28737,6943,44,-26.6
Brunstad 25,139825,t,Cooking pit (ID 3185),Aspen (Populus),UBA-28740,7067,37,-28.9
Brunstad 25,139825,t,Fireplace (ID 4663),"Hazel (Corylus), nutshell",UBA-28743,7057,38,-23.4
Brunstad 25,139825,t,Floor layer? (ID 4604),Eml (Ulmus),UBA-28744,7032,34,-25.6
Brunstad 25,139825,t,Cooking pit (ID 4895),"Deciduous (Decid, indet.)",UBA-28745,6920,37,-25.5
Brunstad 25,139825,t,Cooking pit (ID 3783),Alder/hazel (Alnus/Corylus),UBA-28742,6886,47,-23.4
Brunstad 25,139825,f,Post hole (ID 2429),Alder (Alnus),UBA-28739,2749,27,-28.3
Brunstad 25,139825,f,Post hole (ID 2409),Alder (Alnus),UBA-28738,2715,28,-28.7
Brunstad 25,139825,f,Post hole (ID 3737),Hazel (Corylus),UBA-28741,2659,26,-35.6
Kjørholt,222438,f,"Square (71x50y, layer 1)",Burnt bone,LuS-13177,40,45,
Kjørholt,222438,f,"Square (76x49y, layer 1)",Burnt bone,LuS-13178,135,45,
Kjørholt,222438,f,"Square (50x54y, layer 2)","Hazel (Corylus), nutshell",LuS-12615,160,40,
Kjørholt,222438,f,"Square (71x51y, layer 1)","Hazel (Corylus), nutshell",LuS-12616,110,40,
Langemyr,144308,t,"Quadrant (60x102y, layer 2)","Hazel (Corylus), nutshell",Ua-52063,8853,43,-24.7
Rødbøl 54,112781,t,Fireplace (ID 20013),"Hazel (Corylus), nutshell",TUa-5558,8630,45,
Rødbøl 54,112781,f,Fireplace (ID 20019),Birch (Betula),TUa-6053,1770,30,
Rødbøl 54,112781,f,Cooking pit (ID 20057),Birch (Betula),T-18456,1715,55,
Rødbøl 54,112781,f,Cooking pit (ID 20005),Birch/hazel (Betula/Corylus),T-18454,1610,70,
Ragnhildrød,100322,f,"Layer, dwelling entry-way (ID 1351061)",Oak (Quercus),TRa-2278,7915,90,
Ragnhildrød,100322,f,Post hole (ID 1350035),Hazel (Corylus),TRa-1796,3690,45,
Ragnhildrød,100322,f,Post hole (ID 1350035),"Hazel (Corylus), nutshell",UBA-17796,2926,22,
Ragnhildrød,100322,t,Cooking pit (ID 1350020),Hazel (Corylus),TRa-1120,2325,40,
Ragnhildrød,100322,t,Cooking pit (ID 1351121),Hazel (Corylus),TRa-1124,2285,35,
Ragnhildrød,100322,t,Cooking pit (ID 1351087),"Hazel (Corylus), nutshell",UBA-17797,2275,28,
Ragnhildrød,100322,t,Fireplace (ID 1350026),Hazel (Corylus),TRa-1123,2225,55,
Ragnhildrød,100322,t,Floor layer (ID 1351069),Hazel (Corylus),UBA-17800,2220,24,
Ragnhildrød,100322,t,Cooking pit (ID 1351087),Hazel (Corylus),TRa-1798,2195,40,
Ragnhildrød,100322,t,Cooking pit (ID 1350015),Hazel (Corylus),TRa-1795,2190,30,
Ragnhildrød,100322,t,Outer wall ditch (ID 1351134),Hazel (Corylus),TRa-1125,2185,45,
Ragnhildrød,100322,t,Cooking pit (ID 1350020),Hazel (Corylus),UBA-17795,2170,43,
Ragnhildrød,100322,t,Cooking pit (ID 1350017),Hazel (Corylus),TRa-1118,2140,40,
Ragnhildrød,100322,t,Fireplace (ID 1351071),Hazel (Corylus),TRa-1121,2130,40,
Ragnhildrød,100322,t,Fireplace (ID 1351127),Hazel (Corylus),TRa-1799,1945,30,
Ragnhildrød,100322,t,Fireplace (ID 1351057),Birch (Betula),TRa-1122,1660,45,
Ragnhildrød,100322,t,Fireplace (ID 1351127),Hazel (Corylus),UBA-17799,1533,33,
Ragnhildrød,100322,t,Fireplace (ID 1350004),Beech (Fagus),TRa-1117,810,40,
Lågerød,169715,f,Cooking pit (ID 2001),Hazel (Corylus),Ua-46830,2516,31,
Lågerød,169715,f,Undefined feature (ID 2006),Oak (Quercus),Ua-46831,2465,32,
Trondalen,170401,t,Fireplace (ID 2),Hazel (Corylus),Ua-50174,5425,42,-21.1
Trondalen,170401,t,Fireplace (ID 3),Alder (Alnus),Ua-50175,5557,43,-26.1
Trondalen,170401,t,Cooking pit (ID 7),Willow (Salix),Ua-50176,5156,44,-25
Lunaveien,117534,t,Square (50x53y),Birch (Betula),Beta-276197,1430,40,-25.6
Lunaveien,117534,f,Square (50x50y),Pine (Pinus),Beta-276198,60,40,-25.3
Lunaveien,117534,t,Square (51x55y),Birch (Betula),Beta-276199,1690,40,-24.3
Lunaveien,117534,t,Square (53x52y),Pine (Pinus),Beta-276200,3620,40,-23.3
Lunaveien,117534,t,Square (50x50y),Burnt bone,Beta-278526,2350,40,-22.8
Lunaveien,117534,t,Square (51x55y),Burnt bone,Beta-278527,2380,40,-20.5
Førstad store 1,89481,t,Cooking pit/fireplace (ID 23),Hazel/ash (Corylus/Fraxinus),T-19378,2850,95,-26.1
Førstad store 1,89481,t,Post hole (ID 42),Birch/hazel (Betula/Corylus),TUa-7113,2600,30,-27.4
Førstad store 1,89481,t,Post hole (ID 43),Birch/hazel (Betula/Corylus),TUa-7114,1410,30,-26.4
Førstad store 1,89481,t,Post hole (ID 44),Birch/hazel/ash (Betula/Corylus/Fraxinus),TUa-7115,2205,30,-25.5
Førstad store 1,89481,t,Post hole (ID 47),Birch/hazel (Betula/Corylus),TUa-7116,2475,30,-26
Pjonkerød R1,89537,f,Undefined feature (ID 2001),Pine (Pinus),Ua-47913,4959,34,-25.9
Pjonkerød R1,89537,f,Undefined feature (ID 2001),Pine (Pinus),Ua-47914,3178,32,-29.2
Pjonkerød R1,89537,f,Cooking pit (ID 2002),Pine (Pinus),Ua-47915,3117,31,-23.6
Pjonkerød R1,89537,f,Cooking pit (ID 2007),Oak (Quercus),Ua-47917,1373,30,-26.2
Pjonkerød R1,89537,t,"Quadrant 50x50x10 (112x51y NE, layer 2)",Burnt bone,Ua-47916,7970,44,-13.6
Sandvigen 1,,t,Fireplace w/ post hole (ID 26),Birch/hazel/willow (Betula/Corylus/Salix),TUa-3085,5000,80,-26.1
Sandvigen 1,,t,Post hole (ID 85),Birch/hazel/willow (Betula/Corylus/Salix),TUa-3086,5115,70,-26.1
Sandvigen 1,,t,Fireplace (ID 110),Birch/hazel/willow (Betula/Corylus/Salix),TUa-3087,5075,70,-26.1
Sandvigen 1,,t,Undefined feature (ID 153),Birch/hazel/willow (Betula/Corylus/Salix),TUa-3088,5065,70,-26.1
Nauen A,100762,t,Undefined layer (ID 153),"Charcoal, not specified",TUa-4651,3360,55,
Nauen A,100762,t,Undefined layer (ID 156),"Charcoal, not specified",Beta-204709,3020,50,
Nauen A,100762,f,Unspecified,"Charcoal, not specified",T-10907,1665,50,
Nauen A,100762,f,Unspecified,"Charcoal, not specified",T-10463,1485,100,
Nauen A,100762,f,Unspecified,"Charcoal, not specified",T-10908,1755,65,
Nauen A,100762,t,Unspecified,"Charcoal, not specified",T-10622,2810,85,
Nauen A,100762,t,Unspecified,"Charcoal, not specified",T-10623,5965,100,
Nauen A,100762,t,Unspecified,"Charcoal, not specified",T-10624,3175,90,
Nauen A,100762,t,Unspecified,"Charcoal, not specified",T-10625,3705,120,
Nauen A,100762,t,Unspecified,"Charcoal, not specified",T-10464,5875,115,
Nauen A,100762,t,Unspecified,"Charcoal, not specified",T-10626,875,100,
Nauen A,100762,t,Unspecified,"Charcoal, not specified",T-10465,1005,155,
Nauen A,100762,t,Unspecified,"Charcoal, not specified",T-10627,1000,90,
Nauen A,100762,t,Unspecified,"Charcoal, not specified",T-10909,285,50,
Nauen A,100762,t,Unspecified,"Charcoal, not specified",T-10628,1335,155,
Nauen A,100762,t,Unspecified,"Charcoal, not specified",T-10629,1840,150,
Nauen A,100762,t,Unspecified,"Charcoal, not specified",T-10466,635,150,
Nauen A,100762,t,Unspecified,"Charcoal, not specified",T-10462,2925,80,
Nauen A,100762,t,Unspecified,"Charcoal, not specified",T-10630,3595,110,
Nauen A,100762,t,Unspecified,"Charcoal, not specified",T-10467,2235,80,
Nauen A,100762,t,Grave (ID 2),"Charcoal, not specified",T-10906,510,40,
Nauen A,100762,t,Grave (ID 2),"Charcoal, not specified",T-10906l,490,40,
Nauen A,100762,t,"Concentration, stone? (ID 47)","Charcoal, not specified",T-11050,2760,70,
Nauen A,100762,t,Transect (ID 630),"Charcoal, not specified",TUa-4652,2765,35,
Nauen C,100762,t,Unspecified,"Charcoal, not specified",TUa-4653,5190,60,
Nauen C,100762,t,Possible tree throw (ID 2/4),"Charcoal, not specified",TUa-4654,5210,70,
Nauen C,100762,t,Possible tree throw (ID 2/4),"Charcoal, not specified",Beta-201399,5020,50,
Nauen C,100762,f,Possible tree throw (ID 2/4),"Charcoal, not specified",Beta-201400,3780,50,
Nauen C,100762,f,Possible tree throw (ID 2/4),"Charcoal, not specified",T-17050,3525,110,
Nauen C,100762,f,Undefined feature (ID 1),"Charcoal, not specified",Beta-201401,2360,40,
Nordby 52,112779,t,Fireplace? (ID 35136),"Charcoal, not specified",TUa-6308,6190,35,
Nordby 52,112779,t,Fireplace? (ID 35185),"Charcoal, not specified",TUa-6307,6260,35,
Nordby 52,112779,t,Fireplace (ID 35211),"Charcoal, not specified",T-18777,5960,100,
Nordby 52,112779,t,Fireplace (ID 35212),"Charcoal, not specified",TUa-6306,6140,40,
Nordby 52,112779,t,Cooking pit/fireplace (ID 35213),"Charcoal, not specified",T-18778,6155,130,
Nordby 52,112779,t,Fireplace (ID 35215),"Charcoal, not specified",TUa-6304,6140,35,
Nordby 52,112779,t,Fireplace? (ID 35216),"Charcoal, not specified",TUa-6305,6150,40,
Nordby 52,112779,t,Fireplace (ID 35002),"Charcoal, not specified",T-18775,2350,85,
Nordby 52,112779,t,Fireplace (ID 35125),"Charcoal, not specified",T-18776,2490,105,
Nordby 52,112779,t,Forge (ID 35217),"Charcoal, not specified",TUa-6303,610,25,
Nordby 52,112779,t,Forge (ID 35217),"Charcoal, not specified",T-18779,505,75,
Nordby 52,112779,t,Unspecified excavation unit,"Burnt bone, harbour seal (Phoca vitulina)",TUa-6694,3120,35,
Nordby 52,112779,t,Unspecified excavation unit,"Burnt bone, mammal indet.",TUa-6692,3670,35,
Nordby 1,112755,t,"Post hole, house 4 (ID 35188)","Hazel (Corylus), nutshell",TUa-6513,3945,45,
Nordby 1,112755,t,"Post hole, house 4 (ID 35191)",Oak (Quercus),Tua-6550,3665,45,
Nordby 1,112755,t,"Post hole, house 3 (ID 35082)","Plant remains, unspecified",TUa-6555,2025,30,
Nordby 1,112755,t,"Post hole, house 3 (ID 35081)",Barley (Hordeum vulgare),TUa-6511,1805,35,
Nordby 1,112755,t,"Post hole, house 3 (ID 35036)","Charcoal, unspecified",TUa-6556,1595,45,
Nordby 1,112755,t,"Post hole, house 2 (ID 35086)","Deciduous (Decid, indet.)",TUa-6551,3760,50,
Nordby 1,112755,t,"Post hole, house 2 (ID 35091)",Oak (Quercus),TUa-6558,3385,45,
Nordby 1,112755,t,"Post hole, house 2 (ID 35099)",Oak (Quercus),TUa-6557,3340,45,
Nordby 1,112755,t,"Post hole, house 2 (ID 35115, 35028)","Cereal, unspecified",Beta-238363,3250,40,
Nordby 1,112755,t,"Post hole, house 1 (ID 35047)",Barley (Hordeum vulgare),TUa-6517,3555,35,
Nordby 1,112755,t,"Post hole, house 1 (ID 35063)",Barley (Hordeum vulgare),TUa-6518,3465,35,
Nordby 1,112755,t,"Post hole, house 1 (ID 35056)",Barley (Hordeum vulgare),TUa-6516,3550,35,
Nordby 1,112755,t,"Post hole, house 1 (ID 35047)",Birch (Betula),Beta-234329,750,40,
Nordby 1,112755,t,Undefined feature (ID 35074),Oak (Quercus),Tua-4412,940,50,
Nordby 1,112755,t,Undefined feature (ID 35064),Birch/ash (Betula/Fraxinus),Tua-6301,3300,25,
Nordby 1,112755,t,Undefined feature (ID 35054),Birch/hazel (Betula/Corylus),T-18774,740,75,
Nordby 1,112755,t,Cooking pit (ID 35141),Birch/ash (Betula/Fraxinus),Tua-6302,2575,25,
Nordby 1,112755,t,Cooking pit (ID 35013),Pine (Pinus),T-18773,845,75,
Nordby 1,112755,t,Fireplace (ID 35006),Birch/hazel (Betula/Corylus),T-18772,1925,100,
Anvik,119055,f,Fireplace (ID 10520),"Hazel (Corylus), nutshell",Ua-46950,7818,49,
Anvik,119055,f,Fireplace (ID 10520),Willow (Salix),Ua-46951,7875,52,
Anvik,119055,f,Fireplace (ID 10520),Willow (Salix),Ua-46952,7744,49,
Anvik,119055,f,Fireplace (ID 10520),Pine (Pinus),Ua-46953,7678,49,
Frebergsvik B,,f,Cultural layer,Animal bone,T-928,2020,140,
Frebergsvik B,,f,Do.,Do.,T-929,2260,130,
Frebergsvik A,,f,Fireplace,Charcoal,T-969,450,50,
Frebergsvik C,,f,Concentration of charcoal,Charcoal,T-970,3850,110,
Nordby 3 (Bommestad-Sky),119398,f,Cooking pit (ID 1),Birch (Betula),TRa-3414,1825,35,-25.4
Rognlien,11534,f,Unspecified excavation unit,"Charcoal, unspecified",T-133,4700,120,
Rognlien,11534,f,Unspecified excavation unit,"Charcoal, unspecified",T-1873,4600,130,
Rognlien,11534,t,Unspecified excavation unit,"Burnt bone, elk (Alces alces)",TRa-3591,4090,35,
Tverdal,41667,f,"Cultural layer, quadrant (16x10ySE)",Yew (Taxus),TRa-443,2480,35,-24.7
Tverdal,41667,t,"Cultural layer, quadrant (14x10yNW)",Birch (Betula),TRa-444,4370,45,-26.1
Tverdal,41667,f,"Cultural layer, quadrant (16x10yNW)",Birch (Betula),TRa-445,2535,30,-24.9
Tverdal,41667,f,"Cultural layer, quadrant (16x10ySW)",Yew (Taxus),TRa-446,2475,40,-26.1
Tverdal,41667,t,"Cultural layer, quadrant (16x10y)",Dog (Canis familiaris),Ua-47406,4536,131,-26.1
Tverdal,41667,t,"Cultural layer, quadrant (16x10y)",Boar (Sus scrofa),Ua-47407,4622,48,-23.4
Tverdal,41667,t,"Cultural layer, quadrant (16x10y)",Mammal (Mammalia),Ua-47408,4401,36,-26.1
